Name,Age,City,Gender,Email,Join Date
James Smith,28,New York,Male,james.smith@example.com,15/01/2023
Maria Garcia,34,Los Angeles,Female,maria.garcia@example.net,20/11/2022
Robert Johnson,45,Chicago,Male,rjohnson45@testmail.org,05/03/2023
Linda Martinez,22,Houston,Female,linda.m@service.io,12/08/2021
Michael Brown,31,Phoenix,Male,mbrown_phx@provider.com,28/02/2024
Elizabeth Davis,29,Philadelphia,Female,liz.davis@webmail.com,19/05/2022
William Miller,52,San Antonio,Male,w_miller@corp.net,01/12/2020
Barbara Wilson,38,San Diego,Female,bwilson_sd@mail.com,22/07/2023
Richard Moore,41,Dallas,Male,rick.moore@office.com,10/10/2021
Susan Taylor,26,San Jose,Female,staylor26@social.net,05/01/2024
Joseph Anderson,33,Austin,Male,j.anderson@austin.edu,30/09/2022
Jessica Thomas,27,Jacksonville,Female,jess_t@florida.org,18/04/2023
Thomas Jackson,48,Fort Worth,Male,tjackson_fw@home.net,25/06/2021
Sarah White,30,Columbus,Female,swhite_cb@edu.com,14/12/2022
Charles Harris,36,Charlotte,Male,charlie.h@clt.net,09/02/2023
Karen Martin,43,Indianapolis,Female,kmartin_indy@service.com,30/11/2021
Christopher Thompson,25,San Francisco,Male,chris.t@sf.io,15/03/2024
Nancy Garcia,55,Seattle,Female,nancy.g@seattle.gov,20/05/2020
Daniel Martinez,32,Denver,Male,dan_m_denver@mail.org,05/08/2023
Betty Robinson,40,Washington,Female,betty.r@dc.net,22/01/2022
Paul Clark,29,Boston,Male,p_clark_bos@tech.com,11/06/2023
Sandra Rodriguez,35,El Paso,Female,sandra.rod@mail.net,02/10/2022
Mark Lewis,44,Nashville,Male,mark.lewis@music.com,17/04/2021
Ashley Lee,24,Detroit,Female,ashley.lee@motown.net,01/04/2024
Steven Walker,37,Oklahoma City,Male,swalker_okc@ok.gov,08/03/2022
Dorothy Hall,50,Portland,Female,d_hall_pdx@mail.com,14/09/2020
Andrew Allen,31,Las Vegas,Male,a.allen_vegas@casino.net,25/05/2023
Margaret Young,46,Memphis,Female,margaret_y@tennessee.org,19/07/2021
Joshua Hernandez,23,Louisville,Male,josh_h_lou@edu.com,12/02/2024
Alice King,39,Baltimore,Female,alice.king@md.gov,28/08/2022
Kevin Wright,28,Milwaukee,Male,k.wright@mke.net,15/11/2023
Donna Lopez,42,Albuquerque,Female,dlopez_abq@mail.org,10/12/2021
Brian Hill,34,Tucson,Male,brian.hill@az.edu,25/01/2023
Michelle Scott,27,Fresno,Female,mscott_fresno@web.com,02/03/2024
Edward Green,49,Sacramento,Male,e_green_sac@ca.gov,11/11/2020
Carol Adams,31,Mesa,Female,carol.adams@mesa.org,19/09/2023
Ronald Baker,41,Kansas City,Male,rbaker_kc@mail.net,05/04/2022
Michelle Gonzalez,26,Atlanta,Female,m_gonzalez@atl.io,22/01/2024
Jason Nelson,33,Long Beach,Male,jnelson_lb@beach.com,30/06/2022
Laura Carter,29,Colorado Springs,Female,l.carter_cs@mail.org,14/07/2023
Jeffrey Mitchell,45,Raleigh,Male,jeff_m_ral@nc.edu,25/03/2021
Melissa Perez,32,Miami,Female,m.perez_miami@mail.com,08/12/2022
Ryan Roberts,24,Virginia Beach,Male,ryan.roberts@vb.gov,01/05/2024
Deborah Turner,47,Omaha,Female,d_turner_omaha@ne.net,19/05/2021
Nicholas Phillips,30,Oakland,Male,nick_p_oak@ca.gov,28/02/2023
Amy Campbell,38,Minneapolis,Female,amy.c_mpls@mail.org,15/10/2022
Gary Parker,51,Tulsa,Male,g_parker_tulsa@ok.gov,01/08/2020
Kathleen Evans,27,Wichita,Female,k_evans_ict@mail.com,12/04/2024
Eric Edwards,36,New Orleans,Male,eric.e_nola@la.gov,20/02/2022
Shirley Collins,43,Arlington,Female,s_collins_arl@tx.net,05/09/2021
Stephen Stewart,34,Cleveland,Male,s_stewart_cle@oh.edu,14/03/2023
Helen Sanchez,53,Bakersfield,Female,helen_s_bak@ca.gov,22/07/2020
Larry Morris,48,Tampa,Male,larry.m_tampa@mail.org,15/01/2021
Cynthia Rogers,25,Aurora,Female,c_rogers_aur@co.net,25/02/2024
Justin Reed,31,Anaheim,Male,j_reed_ana@ca.gov,05/06/2023
Angela Cook,39,Honolulu,Female,angela.cook@hi.gov,30/05/2022
Scott Morgan,42,Santa Ana,Male,s_morgan_sa@mail.com,01/12/2021
Brenda Bell,28,Riverside,Female,b_bell_riv@ca.gov,22/11/2023
Brandon Murphy,23,Corpus Christi,Male,b_murphy_cc@tx.net,10/03/2024
Pamela Bailey,46,Lexington,Female,p_bailey_lex@ky.gov,15/08/2021
Gregory Rivera,35,Stockton,Male,g_rivera_stk@ca.gov,02/09/2022
Anna Cooper,30,Henderson,Female,anna.cooper@nv.gov,30/04/2023
Samuel Richardson,44,St. Paul,Male,s_richardson_stp@mn.edu,12/10/2021
Rebecca Cox,26,Cincinnati,Female,rebecca.cox@oh.gov,18/01/2024
Benjamin Howard,33,St. Louis,Male,b_howard_stl@mo.net,25/07/2022
Catherine Ward,41,Pittsburgh,Female,c_ward_pgh@pa.gov,19/06/2021
Douglas Torres,37,Greensboro,Male,d_torres_gso@nc.net,15/03/2022
Virginia Peterson,54,Lincoln,Female,v_peterson_linc@ne.gov,01/06/2020
Jack Gray,29,Plano,Male,jack.gray_plano@tx.net,22/08/2023
Martha Ramirez,32,Newark,Female,m_ramirez_nwk@nj.gov,05/11/2022
Dennis James,49,Anchorage,Male,d_james_anc@ak.gov,14/12/2020
Debra Watson,36,Irvine,Female,debra.w_irv@ca.gov,12/02/2022
Peter Brooks,45,Fremont,Male,p_brooks_fre@ca.gov,30/04/2021
Janet Kelly,31,Madison,Female,janet.kelly@wi.gov,18/05/2023
Henry Sanders,38,Durham,Male,h_sanders_dur@nc.edu,25/10/2022
Carolyn Price,27,Scottsdale,Female,c_price_scot@az.gov,05/04/2024
Carl Bennett,43,Winston-Salem,Male,c_bennett_ws@nc.net,14/07/2021
Christine Wood,34,Laredo,Female,c_wood_laredo@tx.gov,08/01/2023
Arthur Barnes,51,Baton Rouge,Male,a_barnes_br@la.gov,22/09/2020
Marie Ross,40,Norfolk,Female,marie.ross_nor@va.gov,02/11/2021
Ryan Henderson,25,Lubbock,Male,r_henderson_lub@tx.edu,05/02/2024
Heather Coleman,33,Reno,Female,h_coleman_reno@nv.gov,15/08/2022
Lawrence Jenkins,47,Gilbert,Male,l_jenkins_gil@az.gov,01/03/2021
Beverly Perry,29,Glendale,Female,b_perry_gln@az.gov,12/09/2023
Jesse Powell,31,Hialeah,Male,j_powell_hia@fl.gov,18/06/2022
Theresa Long,46,Chesapeake,Female,t_long_ches@va.gov,25/05/2021
Albert Patterson,42,North Las Vegas,Male,a_patterson_nlv@nv.gov,30/12/2022
Doris Hughes,30,Irving,Female,d_hughes_irv@tx.net,22/03/2023
Eugene Flores,39,Fremont,Male,e_flores_fre@ca.gov,10/01/2022
Lori Washington,35,Richmond,Female,l_washington_rich@va.gov,18/04/2022
Wayne Butler,52,Boise,Male,w_butler_boise@id.gov,05/10/2020
Alice Simmons,28,San Bernardino,Female,a_simmons_sb@ca.gov,28/07/2023
Russell Foster,44,Birmingham,Male,r_foster_bhm@al.gov,15/02/2021
Julia Gonzales,32,Spokane,Female,j_gonzales_spk@wa.gov,10/10/2022
Billy Bryant,24,Rochester,Male,b_bryant_roc@ny.gov,15/05/2024
Grace Alexander,37,Des Moines,Female,g_alexander_dm@ia.gov,30/03/2022
Bryan Russell,48,Modesto,Male,b_russell_mod@ca.gov,22/01/2021
Rose Griffin,31,Fayetteville,Female,r_griffin_fay@nc.gov,15/06/2023
Logan Diaz,23,Tacoma,Male,l_diaz_tac@wa.gov,28/03/2024
Diana Hayes,45,Oxnard,Female,d_hayes_oxn@ca.gov,05/04/2021